"","id","seqnames","start","end","ref","alt"
"1","rs13216361","chr6",41007046,41007046,"C","T"
"2","rs7922621","chr10",82251544,82251544,"C","A"
"3","rs7900536","chr10",82253701,82253701,"C","A"
"4","rs1870171","chr10",98019113,98019113,"G","A"
"5","rs1870169","chr10",98019157,98019157,"G","A"
"6","rs12933575","chr16",30022564,30022564,"G","A"
"7","rs6024870","chr20",54997568,54997568,"G","A"
"8","rs72934715","chr2",203713280,203713280,"C","A"
"9","rs149846585","chr2",203736251,203736251,"G","C"
"10","rs660895","chr6",32577380,32577380,"G","A"
"11","rs532965","chr6",32577973,32577973,"G","T"
"12","rs510205","chr6",32584693,32584693,"G","C"
"13","rs9271579","chr6",32590637,32590637,"T","A"
"14","rs9271580","chr6",32590641,32590641,"G","T"
"15","rs9271608","chr6",32591588,32591588,"G","A"
"16","rs9648346","chr7",28160113,28160113,"G","C"
"17","rs7920721","chr10",11720308,11720308,"G","A"
"18","rs113111379","chr10",11720620,11720620,"C","T"
"19","rs7910643","chr10",82251769,82251769,"G","A"
"20","rs117148433","chr10",98017866,98017866,"G","A"
"21","rs12148472","chr15",79231478,79231478,"C","T"
"22","rs399239","chr16",79608495,79608495,"C","A"
"23","rs70602","chr17",44859715,44859715,"C","T"
"24","rs70600","chr17",44860021,44860021,"C","T"
"25","rs75511804","chr17",5138304,5138304,"C","T"
"26","rs72926783","chr2",203815740,203815740,"T","A"
"27","rs79642273","chr2",203830851,203830851,"G","A"
"28","rs9271594","chr6",32591213,32591213,"G","A"
"29","rs9296559","chr6",47452270,47452270,"C","T"
"30","rs10792832","chr11",85867875,85867875,"G","A"
"31","rs12879396","chr14",92932045,92932045,"G","A"
"32","rs398465","chr16",79608831,79608831,"G","C"
"33","rs199524","chr17",44848438,44848438,"G","T"
"34","rs199523","chr17",44848517,44848517,"C","A"
"35","rs149163995","chr2",203777226,203777226,"C","T"
"36","rs1548885","chr7",12279559,12279559,"G","C"
"37","rs61943585","chr12",113671141,113671141,"G","C"
"38","rs61943586","chr12",113671189,113671189,"G","A"
"39","rs4318227","chr16",29984839,29984839,"G","C"
"40","rs148707292","chr2",203861910,203861910,"G","A"
"41","rs145299755","chr2",203861954,203861954,"C","T"
"42","rs1435527","chr7",12262571,12262571,"C","T"
"43","rs1435525","chr7",12262717,12262717,"C","T"
"44","rs1435524","chr7",12262801,12262801,"G","A"
"45","rs1548884","chr7",12279761,12279761,"C","A"
"46","rs636317","chr11",60019150,60019150,"C","T"
"47","rs636341","chr11",60019161,60019161,"C","A"
"48","rs672399","chr11",60020112,60020112,"G","T"
"49","rs61943590","chr12",113675317,113675317,"G","A"
"50","rs61943592","chr12",113678391,113678391,"G","A"
"51","rs61943593","chr12",113678791,113678791,"T","A"
"52","rs7304051","chr12",113679095,113679095,"C","T"
"53","rs10871451","chr16",29986205,29986205,"G","C"
"54","rs1870137","chr10",82269848,82269848,"G","C"
"55","rs2290766","chr12",113623241,113623241,"G","C"
"56","rs73208737","chr12",113635055,113635055,"C","T"
"57","rs3741989","chr12",113646310,113646310,"G","C"
"58","rs61943578","chr12",113658847,113658847,"G","A"
"59","rs7297130","chr12",113659260,113659260,"C","T"
"60","rs76097225","chr12",113659621,113659621,"G","C"
"61","rs7297749","chr12",113659752,113659752,"C","T"
"62","rs7254645","chr19",54775389,54775389,"C","T"
"63","rs1870138","chr10",82269611,82269611,"G","A"
"64","rs58250526","chr12",113591437,113591437,"C","T"
"65","rs11544008","chr12",113623559,113623559,"T","A"
"66","rs61941457","chr12",113640347,113640347,"G","A"
"67","rs653765","chr15",59042012,59042012,"C","T"
"68","rs332258","chr15",64388052,64388052,"G","C"
"69","rs6565173","chr16",29974167,29974167,"G","A"
"70","rs2301286","chr1",161136224,161136224,"C","A"
"71","rs1990622","chr7",12283787,12283787,"G","A"
"72","rs1990620","chr7",12284008,12284008,"G","A"
"73","rs10276423","chr7",7855694,7855694,"G","A"
"74","rs7080009","chr10",82269461,82269461,"C","T"
"75","rs2278890","chr11",47399602,47399602,"G","A"
"76","rs332262","chr15",64382897,64382897,"C","T"
"77","rs2289702","chr15",79237293,79237293,"C","T"
"78","rs1990621","chr7",12283873,12283873,"G","C"
"79","rs61941408","chr12",113590470,113590470,"G","T"
"80","rs2290767","chr12",113599502,113599502,"G","C"
"81","rs12911143","chr15",51049524,51049524,"C","T"
"82","rs332261","chr15",64383029,64383029,"G","A"
"83","rs28834970","chr8",27195121,27195121,"C","T"
"84","rs30427","chr16",79599714,79599714,"G","A"
"85","rs395601","chr15",59063196,59063196,"G","C"
"86","rs2290118","chr15",64405074,64405074,"G","A"
"87","rs4904917","chr14",92927201,92927201,"C","T"
"88","rs6979218","chr7",99893148,99893148,"G","C"
"89","rs1377416","chr11",47416746,47416746,"C","T"
"90","rs61481506","chr17",5158714,5158714,"C","T"
"91","rs71486610","chr10",124134803,124134803,"G","C"
"92","rs9633740","chr10",82265271,82265271,"G","A"
"93","rs332249","chr15",64363591,64363591,"T","A"
"94","rs3896287","chr19",54774976,54774976,"C","T"
"95","rs62375391","chr5",86293620,86293620,"G","A"
"96","rs35785542","chr12",113737630,113737630,"G","A"
"97","rs11769559","chr7",143111296,143111296,"C","T"
"98","rs62375397","chr5",86298531,86298531,"C","T"
"99","rs3848142","chr15",64382738,64382738,"G","T"
"100","rs17409947","chr2",37522367,37522367,"C","A"
"101","rs62052678","chr16",90165964,90165964,"G","A"
"102","rs2075659","chr17",18044592,18044592,"C","T"
"103","rs755951","chr8",27226790,27226790,"C","A"
"104","rs7128450","chr11",60031270,60031270,"G","C"
"105","rs10736700","chr11",60031399,60031399,"C","T"
"106","rs7947450","chr11",47429904,47429904,"G","A"
"107","rs2405442","chr7",99971313,99971313,"C","T"
"108","rs6064392","chr20",54984768,54984768,"G","T"
"109","rs17462136","chr20",54987216,54987216,"G","C"
"110","rs2076472","chr6",41029342,41029342,"C","T"
"111","rs1549299","chr16",31154146,31154146,"G","A"
"112","rs2073014","chr6",41029109,41029109,"C","T"
"113","rs73530179","chr16",30107781,30107781,"G","A"
"114","rs3807866","chr7",12250378,12250378,"G","A"
"115","rs3807865","chr7",12250402,12250402,"G","A"
"116","rs4291","chr17",61554194,61554194,"T","A"
"117","rs4292","chr17",61554341,61554341,"C","T"
"118","rs11852701","chr15",51055024,51055024,"G","C"
"119","rs3784539","chr15",79219188,79219188,"C","T"
"120","rs11670146","chr19",1847743,1847743,"G","A"
"121","rs117219667","chr10",98047959,98047959,"C","T"
"122","rs4989024","chr17",1639719,1639719,"G","A"
"123","rs874424","chr17",1640034,1640034,"G","A"
"124","rs34779859","chr2",127892768,127892768,"G","T"
"125","rs7160285","chr14",53311400,53311400,"C","A"
"126","rs2287322","chr17",1641035,1641035,"G","A"
"127","rs4295","chr17",61556298,61556298,"G","C"
"128","rs12588482","chr14",53311552,53311552,"G","A"
"129","rs1317708","chr17",1639965,1639965,"G","A"
"130","rs10853955","chr19",1840787,1840787,"G","A"
"131","rs2154482","chr21",27520931,27520931,"G","T"
"132","rs31930","chr5",14678996,14678996,"G","A"
"133","rs35202074","chr19",1837960,1837960,"G","A"
"134","rs1064629","chr17",18087299,18087299,"C","T"
"135","rs4790821","chr17",1654048,1654048,"G","A"
"136","rs632185","chr11",59951433,59951433,"G","A"
"137","rs58147322","chr17",1655605,1655605,"C","T"
"138","rs2279590","chr8",27456253,27456253,"C","T"
"139","rs2777795","chr9",107672365,107672365,"G","A"
"140","rs10897011","chr11",59961427,59961427,"G","A"
"141","rs11230180","chr11",59961486,59961486,"G","T"
"142","rs7926729","chr11",59961786,59961786,"C","T"
"143","rs1820430","chr11",59953313,59953313,"G","C"
"144","rs183681","chr5",14664695,14664695,"C","A"
"145","rs1870148","chr10",82271341,82271341,"G","A"
"146","rs250435","chr5",14664821,14664821,"G","A"
"147","rs7086627","chr10",82220597,82220597,"C","T"
"148","rs436911","chr19",54786546,54786546,"G","C"
"149","rs718376","chr11",60002935,60002935,"G","A"
"150","rs73427270","chr6",41125612,41125612,"G","C"
"151","rs61333415","chr6",41129631,41129631,"C","T"
"152","rs57488419","chr6",41130209,41130209,"G","T"
"153","rs76660699","chr6",41150861,41150861,"C","T"
"154","rs474479","chr11",85828551,85828551,"G","C"
"155","rs7926954","chr11",59932579,59932579,"G","A"
"156","rs12972800","chr19",1864960,1864960,"G","A"
"157","rs56189574","chr11",59933492,59933492,"G","A"
"158","rs7274581","chr20",55018260,55018260,"C","T"
"159","rs740122","chr7",28166442,28166442,"G","A"
"160","rs598726","chr11",85828548,85828548,"G","A"
"161","rs10179642","chr2",9683696,9683696,"C","T"
"162","rs113151753","chr17",5185365,5185365,"G","C"
"163","rs199461","chr17",44762589,44762589,"G","A"
"164","rs4575098","chr1",161155392,161155392,"G","A"
"165","rs11585858","chr1",161156033,161156033,"C","A"
"166","rs59377666","chr6",41130162,41130162,"G","A"
"167","rs113881148","chr4",967331,967331,"C","A"
"168","rs11668832","chr19",1812682,1812682,"G","A"
"169","rs2532343","chr17",44344097,44344097,"G","C"
"170","rs112534607","chr17",44344376,44344376,"G","A"
"171","rs2732650","chr17",44344988,44344988,"G","C"
"172","rs2532314","chr17",44217112,44217112,"G","T"
"173","rs2696599","chr17",44217226,44217226,"G","A"
"174","rs1528074","chr17",44234060,44234060,"G","A"
"175","rs1406068","chr17",44234526,44234526,"C","T"
"176","rs113417378","chr17",44270809,44270809,"G","A"
"177","rs2266497","chr17",44294786,44294786,"G","A"
"178","rs2141299","chr17",44240986,44240986,"C","A"
"179","rs56266533","chr17",44270293,44270293,"G","T"
"180","rs2732658","chr17",44271152,44271152,"G","A"
"181","rs2532236","chr17",44271430,44271430,"G","A"
"182","rs2532404","chr17",44302881,44302881,"C","T"
"183","rs10761426","chr10",61740318,61740318,"C","T"
"184","rs3087534","chr17",44198806,44198806,"C","T"
"185","rs62061855","chr17",44199670,44199670,"G","A"
"186","rs17652748","chr17",44103616,44103616,"C","T"
"187","rs75010486","chr17",44103825,44103825,"C","T"
"188","rs16940806","chr17",44103826,44103826,"G","A"
"189","rs2158257","chr17",44104343,44104343,"C","A"
"190","rs17574228","chr17",44104509,44104509,"C","T"
"191","rs2316951","chr17",44139083,44139083,"G","C"
"192","rs2316952","chr17",44139190,44139190,"G","C"
"193","rs62062322","chr17",44112385,44112385,"G","A"
"194","rs17653193","chr17",44112441,44112441,"G","A"
"195","rs17653211","chr17",44112638,44112638,"C","T"
"196","rs77768866","chr17",44121917,44121917,"C","T"
"197","rs79065019","chr17",44124535,44124535,"C","T"
"198","rs62061809","chr17",44178839,44178839,"C","T"
"199","rs733967","chr17",44089690,44089690,"C","T"
"200","rs733968","chr17",44089715,44089715,"C","T"
"201","rs733969","chr17",44089727,44089727,"G","A"
"202","rs62062289","chr17",44097235,44097235,"G","C"
"203","rs17653255","chr17",44112743,44112743,"C","A"
"204","rs41399444","chr17",44121469,44121469,"C","T"
"205","rs62061810","chr17",44178884,44178884,"G","A"
"206","rs10821626","chr10",61740262,61740262,"G","A"
"207","rs62064663","chr17",44080039,44080039,"G","T"
"208","rs113894932","chr17",44080408,44080408,"G","C"
"209","rs469420","chr21",27541944,27541944,"G","A"
"210","rs62062773","chr17",44020545,44020545,"G","A"
"211","rs79115768","chr17",44021061,44021061,"C","T"
"212","rs28416808","chr17",44021218,44021218,"C","T"
"213","rs62062774","chr17",44021463,44021463,"C","T"
"214","rs62062793","chr17",44026321,44026321,"C","T"
"215","rs62062794","chr17",44026394,44026394,"G","A"
"216","rs74531363","chr17",44026495,44026495,"G","A"
"217","rs242561","chr17",44026548,44026548,"C","T"
"218","rs78556223","chr17",44026478,44026478,"G","A"
"219","rs77266933","chr17",44026490,44026490,"C","A"
"220","rs62056778","chr17",43971604,43971604,"G","C"
"221","rs11575895","chr17",43971785,43971785,"G","A"
"222","rs62056779","chr17",43971937,43971937,"C","A"
"223","rs11575896","chr17",43972142,43972142,"G","A"
"224","rs76594404","chr17",43971457,43971457,"G","C"
"225","rs80233201","chr17",43971481,43971481,"C","T"
"226","rs112705584","chr17",18128854,18128854,"G","T"
"227","rs17762769","chr17",43893403,43893403,"G","A"
"228","rs4407053","chr16",81773816,81773816,"T","A"
"229","rs17689471","chr17",43892973,43892973,"C","T"
"230","rs117365970","chr17",43893259,43893259,"G","A"
"231","rs117646503","chr17",43893260,43893260,"C","T"
"232","rs2508696","chr11",85717923,85717923,"C","A"
"233","rs6982393","chr8",95980708,95980708,"C","T"
"234","rs4544235","chr16",81774142,81774142,"G","T"
"235","rs1057335","chr17",1657653,1657653,"G","A"
"236","rs34716007","chr17",5069675,5069675,"G","A"
"237","rs55756850","chr17",5069917,5069917,"G","A"
"238","rs7232","chr11",59940599,59940599,"T","A"
"239","rs972801","chr15",58921198,58921198,"C","T"
"240","rs61900467","chr11",60078475,60078475,"C","T"
"241","rs6733839","chr2",127892810,127892810,"C","T"
"242","rs10933431","chr2",233981912,233981912,"G","C"
"243","rs73223431","chr8",27219987,27219987,"C","T"
"244","rs34173062","chr8",145158607,145158607,"G","A"
"245","rs871269","chr5",150432388,150432388,"C","T"
"246","rs74685827","chr11",121353077,121353077,"G","T"
"247","rs117618017","chr15",63569902,63569902,"C","T"
"248","rs2526377","chr17",56410041,56410041,"G","A"
